,Accuracy,Precision,Recall,F1
YOLOv8,0.64,1.0,0.64,0.7804878048780488
Baseline CV,0.99,1.0,0.99,0.9949748743718593
